{
  "unicharge": {
    "sounds": [
      "suit/unicharge"
    ],
    "category": "player"
  },
  "unibeam": {
    "sounds": [
      "suit/unibeam"
    ],
    "category": "player"
  },
  "mk1walk": {
    "sounds": [
      "suit/mk1walk"
    ],
    "category": "player"
  },
  "rocket": {
    "sounds": [
      "suit/rocket"
    ],
    "category": "player"
  },
  "close": {
    "sounds": [
      "suit/close"
    ],
    "category": "player"
  },
  "repcharge": {
    "sounds": [
      "suit/repcharge"
    ],
    "category": "player"
  },
  "repblast": {
    "sounds": [
      "suit/repblast"
    ],
    "category": "player"
  },
  "repblast2": {
    "sounds": [
      "suit/repblast2"
    ],
    "category": "player"
  },
  "beep": {
    "sounds": [
      "suit/beep"
    ],
    "category": "player"
  },
  "boop": {
    "sounds": [
      "suit/boop"
    ],
    "category": "player"
  },
  "wmgun": {
    "sounds": [
      "suit/wmgun"
    ],
    "category": "player"
  },
  "radar": {
    "sounds": [
      "suit/radar"
    ],
    "category": "player"
  },
  "bullet": {
    "sounds": [
      "suit/bullet"
    ],
    "category": "player"
  },
  "hbland": {
    "sounds": [
      "suit/hbland"
    ],
    "category": "player"
  },
  "latchopen": {
    "sounds": [
      "suit/latchopen"
    ],
    "category": "player"
  }, 
   "latchclose": {
    "sounds": [
      "suit/latchclose"
    ],
    "category": "player"
  }, 
   "43flight": {
    "sounds": [
      "suit/43flight"
    ],
    "category": "player"
  }, 
  "grab": {
    "sounds": [
      "suit/grab"
    ],
    "category": "player"
  },
  "extend": {
    "sounds": [
      "suit/extend"
    ],
    "category": "player"
  },
  "dextend": {
    "sounds": [
      "suit/dextend"
    ],
    "category": "player"
  },
  "armgun": {
    "sounds": [
      "suit/armgun"
    ],
    "category": "player"
  },
    "piece1": {
    "sounds": [
      "suit/piece1"
    ],
    "category": "player"
  },
    "piece2": {
    "sounds": [
      "suit/piece2"
    ],
    "category": "player"
  },
    "briefcase": {
    "sounds": [
      "suit/briefcase"
    ],
    "category": "player"
  },
  "armrocket_open": {
    "sounds": [
      "suit/armrocket_open"
    ],
    "category": "player"
  },
  "armrocket_open2": {
    "sounds": [
      "suit/armrocket_open2"
    ],
    "category": "player"
  },
  "armrocket_close": {
    "sounds": [
      "suit/armrocket_close"
    ],
    "category": "player"
  },
  "armrocket_shoot": {
    "sounds": [
      "suit/armrocket_shoot"
    ],
    "category": "player"
  },
  "landing": {
    "sounds": [
      "suit/landing",
      "suit/landing2",
      "suit/landing3",
      "suit/landing4"
    ],
    "category": "player"
  },
  "hulkbuster_landing": {
    "sounds": [
      "suit/landing2"
    ],
    "category": "player"
  },
  "harpoon_shoot": {
    "sounds": [
      "suit/harpoon_shoot"
    ],
    "category": "player"
  },
  "harpoon_reel": {
    "sounds": [
      "suit/harpoon_reel"
    ],
    "category": "player"
  },
  "flares_open": {
    "sounds": [
      "suit/flares_open"
    ],
    "category": "player"
  },
  "flares": {
    "sounds": [
      "suit/flares"
    ],
    "category": "player"
  },
  "snap": {
    "sounds": [
      "suit/snap"
    ],
    "category": "player"
  },
  "stones": {
    "sounds": [
      "suit/stones"
    ],
    "category": "player"
  },
  "hulkbuster_lock": {
    "sounds": [
      "suit/hulkbuster_lock"
    ],
    "category": "player"
  },
  "hulkbuster_grab": {
    "sounds": [
      "suit/hulkbuster_grab"
    ],
    "category": "player"
  },
  "hulkbuster_punch": {
    "sounds": [
      "suit/hulkbuster_punch"
    ],
    "category": "player"
  },
  "hulkbuster_repulsor": {
    "sounds": [
      "suit/hulkbuster_repulsor"
    ],
    "category": "player"
  },
  "jarvison": {
    "sounds": [
      "suit/jarvison"
    ],
    "category": "player"
  },
  "jarvisoff": {
    "sounds": [
      "suit/jarvisoff"
    ],
    "category": "player"
  }
}