{
  "unicharge": {
    "sounds": [
      "suit/unicharge"
    ],
    "category": "player"
  },
  "mk1walk": {
    "sounds": [
      "suit/mk1walk"
    ],
    "category": "player"
  },
  "rocket": {
    "sounds": [
      "suit/rocket"
    ],
    "category": "player"
  },
  "close": {
    "sounds": [
      "suit/close"
    ],
    "category": "player"
  },
  "repcharge": {
    "sounds": [
      "suit/repcharge"
    ],
    "category": "player"
  },
  "repblast": {
    "sounds": [
      "suit/repblast"
    ],
    "category": "player"
  }
}